diff,ddg
-7.3,6.77
-7.3,6.55
-4.2,6.03
-5.4,6.85
-5.7,-3.86
-5.7,-5.04
-5.3,-4.17
-5.0,-5.68
1.0,5.42
2.8,6.82
7.0,7.66
-5.4,6.67
-0.7,-4.42
4.6,-4.1
4.5,-3.16
5.3,5.92
-3.6,8.81
2.9,6.61
-8.3,7.08
-7.3,7.51
-7.0,6.38
-5.4,6.06
-4.7,7.44
-5.1,6.54
-2.2,6.33
-2.2,6.33
-0.3,5.29
-6.3,5.45
2.9,7.29
-5.4,7.58
3.1,5.4
-2.2,5.54
0.9,6.31
-2.6,5.44
-0.3,6.56
0.6,5.4
7.3,-5.59
7.3,-5.9
7.3,-3.35
4.2,-4.93
0.9,-3.75
3.1,5.95
0.4,7.95
0.4,11.4
0.4,9.27
0.4,9.32
3.5,12.2
0.7,8.69
8.4,11.1
7.7,8.77
5.8,7.61
6.7,6.95
3.1,7.64
3.2,10.5
3.0,8.57
2.6,6.78
8.1,11.6
5.4,-3.53
-5.3,-5.92
8.3,-3.32
7.7,-3.14
0.0,5.9
0.0,5.44
5.3,5.47
0.0,5.4
5.3,6.2
5.4,-8.33
1.0,-3.88
7.3,-3.4
-0.4,-11.4
-0.4,-9.32
-6.7,-6.95
-3.5,-12.2
-0.7,-8.69
-5.8,-7.61
-0.4,-9.27
-3.2,-10.5
-3.0,-8.57
2.9,7.58
-7.3,5.59
-5.4,8.33
0.3,5.51
-0.3,6.19
