proximal_diff,ddg_exp
-3,6.77
-2,6.55
-3,6.03
-1,6.85
16,-3.86
23,-5.04
6,-4.17
38,-5.68
-21,5.42
-16,6.82
-1,7.66
-2,6.67
1,-4.42
1,-4.1
1,-3.16
-15,5.92
-4,8.81
22,6.61
6,7.08
2,7.51
7,6.38
0,6.06
16,7.44
11,6.54
-26,6.33
-36,6.33
-36,5.29
6,5.45
9,7.29
1,7.58
-43,5.4
-29,5.54
-44,6.31
-28,5.44
-40,6.56
-37,5.4
0,-5.59
-8,-5.9
0,-3.35
1,-4.93
0,-3.75
-43,5.95
0,7.95
-1,11.4
2,9.27
-3,9.32
-5,12.2
5,8.69
-3,11.1
-2,8.77
-1,7.61
3,6.95
-3,7.64
-3,10.5
17,8.57
10,6.78
-3,11.6
3,-3.53
18,-5.92
-29,-3.32
-16,-3.14
0,5.9
0,5.44
-40,5.47
-8,5.4
-2,6.2
0,-8.33
43,-3.88
-1,-3.4
3,-11.4
6,-9.32
-1,-6.95
6,-12.2
0,-8.69
3,-7.61
7,-9.27
10,-10.5
0,-8.57
14,7.58
-8,5.59
-5,8.33
-8,5.51
-39,6.19
