stab_diff,ddg_exp
1.07,6.77
1.02,6.55
2.02,6.03
0.76,6.85
-0.38,-3.86
-0.32,-5.04
-0.43,-4.17
0.05,-5.68
0.82,5.42
0.54,6.82
-1.79,7.66
0.79,6.67
0.06,-4.42
-1.3,-4.1
-0.9,-3.16
0.03,5.92
-0.54,8.81
-0.05,6.61
0.02,7.08
0.78,7.51
1.82,6.38
0.74,6.06
1.18,7.44
0.79,6.54
0.49,6.33
0.66,6.33
0.44,5.29
-0.96,5.45
-0.1,7.29
0.73,7.58
0.78,5.4
0.54,5.54
0.51,6.31
0.47,5.44
0.22,6.56
0.32,5.4
-1.34,-5.59
-1.21,-5.9
-1.12,-3.35
-2.0,-4.93
0.02,-3.75
1.06,5.95
-0.28,7.95
0.13,11.4
-0.29,9.27
-0.13,9.32
0.87,12.2
0.69,8.69
-1.27,11.1
-1.16,8.77
-0.45,7.61
0.18,6.95
0.13,7.64
-0.28,10.5
0.19,8.57
-0.3,6.78
-0.89,11.6
-0.95,-3.53
-0.67,-5.92
-0.18,-3.32
-1.01,-3.14
-0.32,5.9
-0.25,5.44
0.23,5.47
-0.41,5.4
0.21,6.2
-0.74,-8.33
-0.6,-3.88
-1.35,-3.4
-0.62,-11.4
-0.43,-9.32
-0.9,-6.95
-1.42,-12.2
-1.24,-8.69
-0.24,-7.61
-0.67,-9.27
-0.32,-10.5
-1.69,-8.57
-0.24,7.58
1.27,5.59
0.77,8.33
1.33,5.51
0.26,6.19
